<?xml version="1.0" encoding="UTF-8" standalone="no"?>
<!-- Generated 8 ene 2025, 15:57:47 by Hibernate Tools 5.6.15.Final --><!DOCTYPE hibernate-mapping PUBLIC "-//Hibernate/Hibernate Mapping DTD 3.0//EN" "http://www.hibernate.org/dtd/hibernate-mapping-3.0.dtd">
<hibernate-mapping>
    <class catalog="ciclistas2" name="clases.Camisetas" optimistic-lock="none" table="camisetas">
        <id name="codigocamiseta" type="int">
            <column name="codigocamiseta"/>
            <generator class="assigned"/>
        </id>
        <property name="tipo" type="string">
            <column length="54" name="tipo" not-null="true"/>
        </property>
        <property name="color" type="string">
            <column length="10" name="color" not-null="true"/>
        </property>
        <property name="importepremio" type="float">
            <column name="importepremio" not-null="true" precision="12" scale="0"/>
        </property>
        <set fetch="select" inverse="true" lazy="true" name="resumenCamisetases" table="resumen_camisetas">
            <key>
                <column name="codigocamiseta" not-null="true"/>
            </key>
            <one-to-many class="clases.ResumenCamisetas"/>
        </set>
        <set fetch="select" inverse="true" lazy="true" name="llevas" table="lleva">
            <key>
                <column name="codigocamiseta" not-null="true"/>
            </key>
            <one-to-many class="clases.Lleva"/>
        </set>
    </class>
</hibernate-mapping>
