<?xml version="1.0" encoding="UTF-8" standalone="no"?>
<!-- Generated 8 ene 2025, 15:57:47 by Hibernate Tools 5.6.15.Final --><!DOCTYPE hibernate-mapping PUBLIC "-//Hibernate/Hibernate Mapping DTD 3.0//EN" "http://www.hibernate.org/dtd/hibernate-mapping-3.0.dtd">
<hibernate-mapping>
    <class catalog="ciclistas2" name="clases.Lleva" optimistic-lock="none" table="lleva">
        <composite-id class="clases.LlevaId" name="id">
            <key-property name="numetapa" type="int">
                <column name="numetapa"/>
            </key-property>
            <key-property name="codigocamiseta" type="int">
                <column name="codigocamiseta"/>
            </key-property>
        </composite-id>
        <many-to-one class="clases.Camisetas" fetch="select" insert="false" name="camisetas" update="false">
            <column name="codigocamiseta" not-null="true"/>
        </many-to-one>
        <many-to-one class="clases.Ciclistas" fetch="select" name="ciclistas">
            <column name="codigociclista" not-null="true"/>
        </many-to-one>
        <many-to-one class="clases.Etapas" fetch="select" insert="false" name="etapas" update="false">
            <column name="numetapa" not-null="true"/>
        </many-to-one>
    </class>
</hibernate-mapping>
