<?xml version="1.0" encoding="UTF-8" standalone="no"?>
<!-- Generated 8 ene 2025, 15:57:47 by Hibernate Tools 5.6.15.Final --><!DOCTYPE hibernate-mapping PUBLIC "-//Hibernate/Hibernate Mapping DTD 3.0//EN" "http://www.hibernate.org/dtd/hibernate-mapping-3.0.dtd">
<hibernate-mapping>
    <class catalog="ciclistas2" name="clases.ResumenCamisetas" optimistic-lock="none" table="resumen_camisetas">
        <composite-id class="clases.ResumenCamisetasId" name="id">
            <key-property name="codigoequipo" type="int">
                <column name="codigoequipo"/>
            </key-property>
            <key-property name="codigociclista" type="int">
                <column name="codigociclista"/>
            </key-property>
            <key-property name="codigocamiseta" type="int">
                <column name="codigocamiseta"/>
            </key-property>
        </composite-id>
        <many-to-one class="clases.Camisetas" fetch="select" insert="false" name="camisetas" update="false">
            <column name="codigocamiseta" not-null="true"/>
        </many-to-one>
        <many-to-one class="clases.Ciclistas" fetch="select" insert="false" name="ciclistas" update="false">
            <column name="codigociclista" not-null="true"/>
        </many-to-one>
        <many-to-one class="clases.Equipos" fetch="select" insert="false" name="equipos" update="false">
            <column name="codigoequipo" not-null="true"/>
        </many-to-one>
        <property name="numveces" type="int">
            <column name="numveces" not-null="true"/>
        </property>
        <property name="importepremio" type="float">
            <column name="importepremio" not-null="true" precision="12" scale="0"/>
        </property>
    </class>
</hibernate-mapping>
